<?xml version="1.0" encoding="UTF-8"?>
<project-private xmlns="http://www.netbeans.org/ns/project-private/1">
    <editor-bookmarks xmlns="http://www.netbeans.org/ns/editor-bookmarks/2" lastBookmarkId="0"/>
    <open-files xmlns="http://www.netbeans.org/ns/projectui-open-files/2">
        <group>
            <file>file:/C:/wamp64/www/lojavirtual/FONTES%20DO%20PROJETO_1.txt</file>
            <file>file:/C:/wamp64/www/lojavirtual/model/Config.class.php</file>
            <file>file:/C:/wamp64/www/lojavirtual/view/pedido_finalizar.tpl</file>
            <file>file:/C:/wamp64/www/lojavirtual/view/pedido_retorno.tpl</file>
            <file>file:/C:/wamp64/www/lojavirtual/controller/pedido_finalizar.php</file>
            <file>file:/C:/wamp64/www/lojavirtual/controller/pedido_retorno_erro.php</file>
            <file>file:/C:/wamp64/www/lojavirtual/model/PagamentoPS.class.php</file>
            <file>file:/C:/wamp64/www/lojavirtual/controller/clientes_itens.php</file>
        </group>
    </open-files>
</project-private>
